{
  "providers": [
    {
      "type": "bitmap",
      "file": "gui/grade/admin.png",
      "ascent": 8,
      "height": 9,
      "chars": ["\uE001"]
    },
    {
      "type": "bitmap",
      "file": "gui/grade/createur.png",
      "ascent": 8,
      "height": 9,
      "chars": ["\uE002"]
    },
    {
      "type": "bitmap",
      "file": "gui/grade/guide.png",
      "ascent": 8,
      "height": 9,
      "chars": ["\uE003"]
    },
    {
      "type": "bitmap",
      "file": "gui/grade/joueur.png",
      "ascent": 8,
      "height": 9,
      "chars": ["\uE004"]
    },
    {
      "type": "bitmap",
      "file": "gui/grade/modo.png",
      "ascent": 8,
      "height": 9,
      "chars": ["\uE005"]
    },
    {
      "type": "bitmap",
      "file": "gui/grade/premium.png",
      "ascent": 8,
      "height": 9,
      "chars": ["\uE006"]
    },
    {
      "type": "bitmap",
      "file": "gui/grade/super_modo.png",
      "ascent": 8,
      "height": 9,
      "chars": ["\uE007"]
    },
    {
      "type": "bitmap",
      "file": "gui/grade/voteplus.png",
      "ascent": 8,
      "height": 9,
      "chars": ["\uE008"]
    },
    {
      "type": "bitmap",
      "file": "gui/grade/server.png",
      "ascent": 8,
      "height": 9,
      "chars": ["\uE009"]
    },
    {
      "type": "bitmap",
      "file": "gui/grade/owner.png",
      "ascent": 8,
      "height": 9,
      "chars": ["\uE010"]
    },
    {
      "type": "bitmap",
      "file": "gui/grade/info.png",
      "ascent": 8,
      "height": 9,
      "chars": ["\uE011"]
    }
  ]
}